Source_id,Sentence_en
1,Eclipse helps in troubleshooting the program.
2,"And they say, We have faith by faith: as it is written, We also receive the Spirit of faith, and believe: and these say."
3,Then it will search for the driver on its own. I will click on Cancel.
4,"This means that for all iterations, the iterator is set to the index value for each of the iterators. 1.1 and then 1,2..."
5,"And when he had opened the second seal, I heard a voice saying, The second living creature cometh, and beholdeth me."
6,We have learnt that objects store their positions in different fields.
7,Child has trust in you all.
8,You may be amazed to observe the nature.
9,"And his affection overfloweth toward you, when he remembereth how ye all transgressed his commandment, and received him with fear and trembling."
10,Some parts of water from rain get dried and gets absorbed into the ground. It gets collected and becomes dirty water.
11,They will see the book.
12,Paternal grandfather returned from the library.
13,Go back to the above line and from 0 to 9 click on the tab 7.
14,The align and distribute dialog box opens on the right side of the interface.
15,Click on the line number to set the breakpoint.
16,Here we have done the same for Borrowed Books.
17,"The classical era is defined by the Yoga Sutra of Patanjali, the first systematic introduction of Yoga."
18,Those two are daughters.
19,"Apache, MySQL and PHP obtained through XAMPP 5.5.19"
20,"Here, we can give the title of our document in yoga."
21,The army follows them.
22,1. Which cells are found in the body?
23,We can also add a shortcut to the launcher.
24,The height of the shed should be such that it is too tall to store it and the villagers cannot eat.
25,"Various modern materials are also used in the manufacture of many commonly used objects like drying, writing, telephone, refrigerator, television etc."
26,You may be able to climb some insects and other objects.
27,Everyone please remain sober.
28,Boy displays affection in you.
29,"As thou knowest, that all them which are in Asia have forsaken me: among whom are Phygellus and Hermogenes."
30,"For this tutorial, I am using the heading - Indian Journal of Microbiology."
31,"Publisher, Collection title,"
32,Place the second leg in pairs with legs together.
33,"I select a small brush, select the Gradient and select the de-select and select my preferred colours."
34,"Next, we will forward to the successUser page."
35,Plants and trees grow by other rules.
36,"Wherefore ye are no more strangers and pilgrims, but fellow citizens with the saints, and of the house of God;"
37,The tribal dances are usually performed in a group and in this season special costumes are worn.
38,"For there is no difference between Jew and Greek: for there is one Lord of all, and a mediator unto all."
39,"So, to avoid these problems, remove any harmful factors in your garden."
40,Close the Basket (Order)
41,Cook with moisture in the oven - idli.
42,Then he was stirred up by the news of the battle of Shurpanaka and killed his followers in battle by the sound of Khrudusha Trisada.
43,"With this, we come to the end of this tutorial."
44,These methods are different from constructors.
45,Pandavas also chanted conch.
46,"To read data from a file, e.g. fp = fopen(Sample.txt, r);"
47,"For details, please write to contact@spoken-tutorial.org."
48,"Now, enter the password for the Moodle Administrator. You should follow the password policies as shown here."
49,"When extracted, I will rename the FrontAccounting account."
50,And all the Gentiles and the people of Israel were in the church.
51,Welcome to Meet the GIMP.
52,It should be declared before using a variable.
53,We can see the frequency of jdk.
54,"As we can see, the Course Category is Mathematics."
55,"Now, let us see how to create a simple Java web project using NetBeans IDE."
56,Aryahadrona's brother is dying.
57,We will be there.
58,"But for convenience, I will just fill in Duck for the Full Name and leave the rest of the details blank by pressing Enter."
59,Stand or sit in comfortable posture.
60,"And it came to pass, as they walked, that the people divided their clothes on the way."
61,"In Prospect, enter INKSCAPE."
62,Type u and press Enter.
63,"Next, let us work on the for loop."
64,We will see you again next week. Let us do it again.
65,Also clean the place where cows and other food items are kept.
66,Savitar: One who is covered with a veil. Or one who is not clothed with a cloth.
67,"If you do not have good bandwidth, download and watch it."
68,Use double sutras and join one stitch with the other stitch to make the stitches strong.
69,• The back of the left spine should be in contact with the spine and the right palm should be opposite to the spinal cord.
70,Change the layer name to CD template.
71,Treat various diseases related to water.
72,Enemy hides.
73,"In the Services window, right-click on the Databases node."
74,There is an error here.
75,We will be staying here.
76,"And it came to pass in the eighth day, that they would have circumcised the little child, and called him Zacharias, as his father had done."
77,"So, the control goes to displayMessage."
78,We can now add this to the document.
79,Woman is decorating.
80,Is Geeta reading necessary today?
81,"Although it did not succeed here, any metal of the gold bulb will be smashed."
82,"Bend the knees to the ground, pull the buttocks inside and sit back while resting on the heels bending the buttock."
83,"Next, we will call the removeFromCheckout method."
84,Child will take a piece of cloth.
85,"Nevertheless in the Lord man is without man, and woman is not without man."
86,"To know the sewing tools used and the specifics of sewing by hand, make a list."
87,4. leaves are usually green in colour which helps plants make food.
88,"To get out of her box, I will just click on it."
89,We had already created a rectangle.
90,HANUMA KNOW SITA IN LANKA
91,"In this tutorial, we have learnt about: Subclassing and Method overriding."
92,"And it came to pass, that Demetrius, whose workman Artemis was making a temple of silver, and made a profit of all the workmen, was not pleased with us."
93,"This tutorial has been developed to learn about the nutritional and health benefits of various types of food, including cooking and social uses."
94,Let us learn how to install a software using Synaptic Package Manager.
95,These can be single cellular or multicellular.
96,Click on the View this Journal Entry link.
97,Who is this peacock?
98,She is listening.
99,e.g. abc will be added to regular expression a or b or c.
100,"They had access to water for drinking, cooking, washing clothes and other functions."
101,"Which neither of the rulers of this world knew, lest, when they had known it, they should crucify the Lord the Almighty."
102,"As we can see, food is also used to express nature."
103,And he cast them out of the sanctuary.
104,"But he answered and said unto them, He that made me well said unto me, Take up thy mat, and walk."
105,Go to the place where the logo is saved.
106,"Sitting Asanas - Siddhásana, Gómukásana and Hámásyádrásana."
107,These are asanas.
108,Krishna is omniscient.
109,Monkeys throw fruit.
110,Who are the two warriors?
111,Click on the Arrangement button at the bottom right.
112,They inspire the sense organs.
113,This was the third time that Jesus appeared to his disciples after he was raised from the dead.
114,There are many rooms in this house.
115,"Let us add a Service tax. Before that, we have to create a GL Account for Service Tax."
116,"In the earlier tutorials, we had learnt about bookmarks."
117,"Now press Enter. To execute, type dot slash if1 and press Enter."
118,Let us learn about the input/output functions and the Time-stamp functions.
119,"Next, we will parse book_id from id as Integer."
120,"But in the days when the seventh angel shall sound his trumpet, the mystery of God is fulfilled, as he hath declared unto his servants the prophets."
121,"But, to redirect the error stream, you should use 2 right angle bracket, 2 double right angle or 2 bracket."
122,Now we can see their names in the user id space.
123,Vishvatam: One who is the source of the three holy spirits.
124,But we can send too many names to 500 people every day.
125,"This class should have the following variables representing the details: Service location name,"
126,You are a warrior.
127,Who was Maricha?
128,Save and Run the program. We will see that the value is zero.
129,"In the sub-field a, Classification number, type 660.62."
130,Now we will see some common errors which we can see.
131,It improves blood circulation throughout the body.
132,How to check an index sequence in any multidimensional array?
133,Draw a circle of pink and black.
134,Error dialog box and Shortcut keys.
135,Lets come here. Let me delete it and now I will add the figure.
136,You must have heard about the D.D.T.
137,Here we can see that the write permission has been removed completely.
138,Read the License Agreement carefully.
139,It has all the packages required to prepare the primary LaTeX documents on Windows and TeXworks is the predecessor to MikTeX.
140,We can see block diagrams without mathematical expressions.
141,We both must speak.
142,Have good internet connection.
143,And the program should be finished.
144,Bend the buttocks on the heels using knees to lower the legs.
145,This simple line is the foundation for your drawing.
146,Krishna is placing the chariot.
147,The Spoken Tutorial I have created on creating equations.
148,The Spoken Tutorial Project is a part of the Talk to a Teacher project.
149,Koha automatically selects the Spoken Tutorial Library.
150,"And when they had looked on him in the whole council, they saw his face as the face of an angel."
151,Go to the browser and open your Moodle site.
152,You can also type the title of your journal here.
153,And these keys are used with other selection tools.
154,More information on this mission is available at the following link.
155,"However, do not use Internet Explorer as it does not display correctly."
156,"At the prompt, type the date plus space plus percentage symbol, small h and press Enter."
157,Let us first understand what a user interface is.
158,name the simplest and smallest organism on earth;
159,Fingers point backwards.
160,"Father, glorify thy name, and I will glorify it: and the voice of heaven said unto him, At that time I have glorified thy name."
161,"Some common paper used in cooking environment include platinum paper, bastardit paper, rye paper, caltropic paper, caster paper, seahitmilk paper, lotus paper, stereo paper, stem soldering paper etc."
162,"And in those days men shall seek death, and shall not find it: and shall seek to give up their souls, and death shall flee from them."
163,I think.
164,ENVIRON specifies the shell environment variables and their values array.
165,We have moved this part outside and there is someone sitting there.
166,It is a GUI for using apt-get command line.
167,• Keep the knees about 10 inches apart. • Place the hands in between the legs.
168,Let us see what is in the Awkdemo.txt file.
169,"And again, He saith, Behold, they gather themselves together to do the will of their own heart; and the second is to confirm that the first light shines."
170,explain the meaning of folk dance
171,"So, I can move the black dot to this point."
172,"Extract the gene ""HIV1gp3"" (HIV1GP3) from the genomic sequence at locations 4587 to 5165."
173,"Then said Jesus unto them plainly, Lazarus is dead:"
174,"For whosoever doeth evil, when he seeeth his deeds, he cometh not into the light, but is brought near unto him."
175,"Now, let us see how to execute the system."
176,Now click on OK and close the dialog box.
177,It summarizes the Spoken Tutorial project.
178,"Next, I select Step Over. The value that we imported into the constructor is set to 10."
179,Read meditation sloka.
180,Today you cook at home.
181,Welcome to the spoken tutorial on grep command.
182,"Next, under Description, we will see 2 fields named as Course Summary and Course summary files."
183,That is a people ship.
184,"includegraphics, color packages etc. To address this requirement, we have to refer to LaTeX."
185,"Now, we will use the cout statement instead of the printf statement because we are using the function cout<< to print line in C++."
186,"3. When you eat food in the stomach, your body gets a stitch-like organ."
187,List the traditional remedies used in water purification.
188,"So, I will select the divider and correct the error."
189,"It has also been used extensively in space studies, planetary movement, eclipse calculation, artificial intelligence etc."
190,"So, while practicing this lesson, your breath rate should be from 30 to 35 breaths per minute."
191,"Spoken Tutorial Project is a part of the Talk to a Teacher project supported by NMEICT, MHRD, Government of India."
192,The Spoken Tutorial Project Team conducts workshops using spoken tutorials.
193,"Not so, but because he is a giver of gifts: for it is said, The Spirit of God is against the ungodly; but he giveth him more than the riches of the air."
194,"Satvam: One who is of the nature of virtue, courage, and power."
195,Slowly bend the right arm to the right side until you reach the right leg.
196,Teacher calls the boys.
197,There are two types of cleaning of the outer body parts.
198,"And when they were filled with wrath, they took the apostles, and bound them, and cast them into lowly prisons."
199,"So, I create a new layer and name it as white and then I select the Layer Fill Type as White and immediately I decrease the opacity value so that we can see through the image."
200,"Atmanv: One who is at the time of His bestowal on us all, in His greatness and glory."
201,Describe some tribal dances of India with examples.
202,Now add the using statement.
203,Enough.
204,There should be enough room to play this game.
205,"Therefore take heed how ye hear: for whosoever heareth shall have, and whosow shall not hear, even whatsoever he hath, shall be taken away from him."
206,Why? We have not initialized the values of the variables.
207,Now press ctrl and z keys twice to undo this function.
208,Click on the Selector tool.
209,I will give this to you.
210,"As you breathe, your abdomen exits and as you exhale, the abdomen sinks."
211,Now we will invoke the show data method to print the registration details.
212,Click on the View menu and select Properties option.
213,This tutorial is recorded using Maximum resolution to use these tools effectively.
214,It automatically calculates the Total cost as 4000 and the Actual cost as 0.00.
215,Use guidelines and set them
216,The Provision field is used by a Sales Person.
217,"And his disciples answered and said unto him, Where shall we get bread, that the dead may eat in this wilderness?"
218,Boy has friendship on that.
219,The Videos application is displayed on the displayed screen.
220,"As it is written in Hosea, He that was not mine, I will call my own; and he that was beloved, my beloved."
221,You can also install KTouch from Ubuntu Data Centre.
222,Child has faith in these all.
223,I will select 15 day(s) for Grace period:.
224,"I know thy labors, and thy strife, and my nakedness; but thou art rich; and the reproaches of them which say that they are Jews, and not the Jews, but the synagogue of Satan:"
225,Lord Shri Krishna in Geeta says:
226,It is a physical exercise in which the person runs at a single pace.
227,Indicate what is clean in the following sentences with the symbol 'Pure'.
228,"But whatsoever things proceed out of the mouth, those things proceed from within, and go into the man's heart."
229,"At the prompt, type the date plus space plus percentage symbol, greater than T and press Enter."
230,"The king called some of the brathons and said, """"My mother's last wish was to offer ammon to the brethren."""
231,And the whole hill was turned into a forest.
232,Do you know the geeta?
233,The next settings are for Hidden sections which are hidden from the students in the course.
234,Those are two veins.
235,The first step here is General Ledger Account Classes.
236,"For he was once absent from you, and hath now reconciled you, who were once alienated in the flesh through the death of his flesh, in the course of wickedness."
237,"However, this is not the case with waste."
238,"Salute Tryphena and Tryphosa, which labor in the Lord. Salute my beloved Persis, which laboureth exceedingly in the Christ."
239,"This is a relaxation, continuous and peaceful exercise."
240,Most human activities are of nature friendly and have no negative impact on nature.
241,It should not cause any overwhelming movement or movement which can disturb the body and spine.
242,The output of the file is 10 and the output is 0 (Product of 5 and 2 is 10.00)
243,Son - What is going on between them?
244,"So, when we open emacs, we see maths.pdf_t in the editor."
245,Feel the transmission of urine to all parts of the body.
246,"Saying, Know this, O Israel, that the Lord our God is one."
247,"In Vedic formations also there are many mantras like Rigved, Yajurvedic, Maitreya Samhita, Gatha Suktam, Dharmasutra and Gowa."
248,Double click on it to see the contents in the folder.
249,Observe two square handles and two circle handles or arc handles in the shape.
250,"When the food is placed on the top floor, it is called a buffet."
251,"And they wrote unto him, Amen. The apostles and elders, brethren of the Gentiles, which are in Antioch, and in Syria, and Cilicia: Salutations."
252,These two are armies.
253,"However, it should not be directly accessed on the web for security reasons."
254,"Then Paul called one of the centurions, and said unto him, I have a petition unto thee of this young man: and as thou hast heard me, take him not."
255,I always forget the previously mentioned object.
256,Google Calendar....
257,"And it came to pass, when the fire was kindled, that all the people stood outside praying."
258,Then click on Koha Administration.
259,Sage smells.
260,"These things have I written unto you, that ye might know whether I will obey you in all things."
261,A new page opens.
262,"It is also mandatory to use the terminal, synaptic text editor and package manager on Linux."
263,"For example, an element in a two dimensional array is identified by two sequences of indices."
264,Those two are in sanskrit household.
265,Save the image as a.cml file.
266,Type 4.
267,Some people make objects in a small room with the necessary organs in their house.
268,It also improves your concentration and calms down the mind.
269,In the practice of bhramari do not use nama kara.
270,"By faith they conquered kingdoms, and did righteousness, and received the reward of promises, and shut up the mouths of lions."
271,"And when he was come unto his disciples, he said unto them, What say ye in parables?"
272,Enter the number 2 before the name.
273,We have to open the terminal.
274,"Now, let us try the splitter. Type the asterisk to remove the slash symbol."
275,"India is a country of diversity and unity. India has diversity in languages, geospatial, climatic, religious and cultural forms."
276,Notice that it helps to create curves.
277,Now click on the file that has already been uploaded.
278,"Then came certain Jews from Antioch and Iconium, and subdued the people: and when they had stoned Paul, they rushed him out of the city, and found him dead."
279,"As a result, some of the images will look good."
280,This tutorial will explain how to create a simple web application
281,"But, I can change that with a change of colour. To do so, I have the shortcut key X and I will make it a bit darker here."
282,But we can't set the non-static block parameters.
283,It can be started with the main method.
284,I am using Firefox web browser and an active internet interface.
285,Let us see how the code works.
286,"1. Seeds get water, oxygen, heat etc."
287,"Then came the servants of the owner of the house, and said unto him, Sir, didst thou not sow good seed in thy field?"
288,The skills of simple hand sewing
289,"After that John was put in prison, Jesus came into Galilee, preaching the gospel of the kingdom of God,"
290,Now let us see how the code works. Save and run.
291,Go to the Applications menu in the items section. Click on the Programming icon and the Netbeans IDE icon.
292,"To whom thou shalt give a blessing, and to the resurrection of the dead, of the righteous, and of the unjust."
293,And I will show you the code for it.
294,Rama conquers Ayodhya.
295,"And there found he a certain Aeneas, whose name was paralyzed eight years, lying in his bed, saying unto them,"
296,"Next, we iterate the result by a set."
297,The output shows the number of alignments in the dna2 sequence.
298,"GIMP uses many smaller windows, like Windows and Macintosh programs."
299,The word food means any food which we eat or drink and which provides nutrition to our body.
300,Let us go to the place where we want to put the box.
301,"For if his son ask him bread, he shall give him a stone: or if he ask him fish, he will give him serpent."
302,Make a tight fist forwards with the palms together.
303,"Now, let us learn how to give a stroke or outline to an object. We should use the Stroke paint tab for our assignment."
304,Bharata went to Rama in truth and prayed with great fervor.
305,Scroll down and click on Save and display button at the bottom of the page.
306,"Right-click on Open. From the context menu, select Events, Action, Action Performed."
307,"And when the evening was come, Jesus was there with the twelve."
308,Today cows are worshipped.
309,"For I say unto you, That the blood of all the prophets shall be laid on the earth from the foundation of the world on this generation."
310,"Whom wilt thou reproach, O servant? He shall be put to the feet of his lord, or he shall be trodden down: for God is able to put him to his feet."
311,And close the document.
312,"""""""The Guru said, """"You are a star, why is it not visible at night? Why do the stars shine at night?"""" Raja asked."""
313,Then we will call the incrementAvailableCopies.
314,"Now, go to 310 CURRENT PUBLICATION FREQUENCY."
315,There are many trees around the mountain.
316,Each layer of soil should be dug and the flow of air should be adapted to it.
317,Start by gazing at both the fingers.
318,"And there arose a dispute among them, which of them should be regarded as greater."
319,"Keep the hands slightly apart from the thighs, palms up."
320,Snake grows in the cows.
321,"For now I give up my spirit, and the hour of my departure is come."
322,Those are necks.
323,"The breathing process of the abdomen, chest and trunk is called total joint breathing."
324,"With this method, we can see the objects in our four corners."
325,We are now at the Welcome page.
326,Tomorrow I will go to the Sanskrit camp to study Sanskrat.
327,Right-click on the Exit menu item.
328,Lesson e.g. a lesson b (a < b)
329,We will learn about other options in the align and distribute dialog box in the upcoming tutorials.
330,This output is generated by default using a++.
331,"So long as the condition is true, it executes the internal statement and then the loop is incremented."
332,"Now, we know that both the objects are selected."
333,"Therefore, milk should not be used in meals."
334,"Now, add the final keyword to the variable name. We have now changed the variable named to final."
335,"Now I have all the brushes in my brush section. So, I close the Archive Manager and close the file here and come back to the GIMP."
336,"This command takes the number of our blank lines because every time we see a blank line, x is printed by incrementing it."
337,He was learning the war strategy to everyone.
338,"Now, let us define the showDetails method. Then type: public void show Details( )."
339,Click on Add stop to add another color between them.
340,"But when thou givest to the poor, make thy right hand known, and what thy left hand doeth, let it not know."
341,And having a high priest over the house of God;
342,We have learnt how to add a variable and a method to a class.
343,Thieves of wealth - protect from violent stone.
344,"For example, we will put it in the center environment adjacent to the center."
345,Akash: One who is the source of the universe.
346,Boys heard the story.
347,Then sent Jesus unto Herod of Galilee.
348,"And in that city heal the sick, and preach the kingdom of God unto you."
349,"I will type: Patel, Arvind H."
350,This dance is performed in the month of October-November to show the completion of the festival.
351,I will leave the Shipping cost blank.
352,We have already deleted the processRequest.
353,This will open the quiz at the correct time on the given date.
354,"Now, let us use the Greater bar operator."
355,You please pray.
356,"Lastly, click on Save changes button and then on Done button."
357,Click on the Units drop-down list. We can change it as per our requirement.
358,"When logged in, you see that the details of the people you are logged into are in the blocks."
359,"He was shocked to see the place where he lived, it was very dirty."
360,Soldiers die on the battlefield.
361,It is very useful for improving vision.
362,There are thousands of kinds of living things on earth.
363,Click on the drop-down of the blend mode. There are five options.
364,Do not select any other options.
365,"And the second reason is that we have to water the soil according to the soil. If there is less water in the area with rainfall, then we should give more water to the area without rainfall."
366,"And if the body were only one member, where was that body?"
367,Type return 0; and close the curly bracket.
368,Animals are divided into following categories:
369,"Every day, during our mother's birthdays and festivals, we cook a variety of dishes which we enjoy eating."
370,The Spoken Tutorial project is a part of the Talk to a Teacher project.
371,"Now, in the Terminal, type:"
372,"To optimize, from the Toolbar, select Auto Optimization Tool."
373,These options are disabled for flow text.
374,"And three days after he called together the chief Jews that were there: and when they were come together, he said unto them, Brethren, though I had done nothing against the customs of my people, or against the elders, yet the people of Jerusalem delivered me captive into the hands of the Romans."
375,"In Screen mode, the colors are first contrasted and then they become larger and more complex."
376,I select the Scale tool and save the aspect ratio and pull the Scales window from the section.
377,Boy displays compassion in them.
378,Devotees of Krishna do not bow down.
379,As an assignment:
380,The god said that Rama's name is a thousand name.
381,Human arm has many first moments.
382,"Under Categories, select Java."
383,"""""""Yes Guru, this is a circle map of Earth."""
384,"And give not unto them holy things, neither cast them into the mouths of wolves: for they shall cast them all into their graves, and shall break their neck, and return, and will release you."
385,"As we can see, this condition creates confusion."
386,Let us see what happens if n is 0.
387,"For self-exercise,"
388,"To see the report, select Start Date and End Date of the exchange."
389,Fire is the source of all energy in the universe.
390,"Now, I am not changing this image."
391,The Create Table dialog box opens.
392,Boy displays modesty in you.
393,Who are there around you?
394,But a static method can only access and modify static variables.
395,"In this Vedas, milk is given to cows with the help of prayer and knowledge."
396,Another example here indicates that an Apache instance is running.
397,We see a square handle and a circular handle on the image.
398,"Now, let us see the difference between instance method and static method."
399,"For they did not eat, nor drink, neither did they sell, because their hearts were hardened."
400,Here you can see Created With GIMP and Loop forever.
401,Vilmacharya is the name given to this.
402,He will eat only the fruit.
403,"From the Folder drop down menu, select Bookmarks toolbar."
404,This is our stdio.h header file.
405,Mixed
406,You please rejoice in the country.
407,And it is not less than 40.
408,Halstein - This is a sweet-red cow.
409,For death reigned from Adam until Moses upon them that sinned not according to the trespass of the first man.
410,"But you can also control the sharpening if you do it on your own using GIMP. In this tutorial, I will demonstrate how to do this."
411,"Let us change the header file ""stdio.h"" to ""iostream""."
412,This is a chariot.
413,You are a speaker.
414,"James, and Andrew his brother John; Philip, and Bartholomew;"
415,A healthy person shakes at most six times a minute.
416,Type the filename as ST-CD-label and click on Save.
417,"We speak as though we were weak among you: but I speak as an fool, that if any man should be exalted, I also shall be made manifest."
418,Click on the Calculus course. Scroll down to see the course details. Click on Enrolled Users.
419,"For they have given up their husbands to the lusts of God, because they have not dealt with their own husbands, but with their wives."
420,Do not create the main class. Set it as the main project.
421,Then click on Add random question button.
422,There are devotees around the temple.
423,"In this tutorial, we will learn how to Customize Library OPAC and Setup Global System Preferences."
424,"Next, let us see what the Status bar does."
425,"Therefore I charge Jesus Christ to be circumcised, that through the mercy of God ye might be glorified among the Gentiles."
426,1. What else is nutrition?
427,Yogis see the god everywhere.
428,"If I had not come and spoken unto them, they had not had sin: but now have they no remission of sin."
429,INTEXT QUESTIONS
430,"From the drop-down, I will select Author (A-Z)."
431,A peacock also needs a place to live.
432,Be thou thou also a good soldier of Jesus Christ.
433,"And when they were come together, he said unto them, Master, why do ye harm these two brethren one another?"
434,Assign your assignment to:
435,"Now, let us use this command."
436,The Spoken Tutorial Project Team conducts workshops using spoken tutorials and gives certificates to those who pass.
437,"Function call by value,"
438,Prone Asana is to bend the abdominal muscles towards the face down.
439,You can also open your own soft-clothes or take on workload from the textile industry.
440,Why script overwrites tables?
441,Teacher teaches everything.
442,But it is not that the word of God hath failed: for they that are of Israel are not all Israel.
443,System.out.println(n); then increase the value to n = n + 1;
444,"Who shall accuse the elect of God? or he that justifieth them, who is God?"
445,Hold the thread top and bring the needle down to where it was taken.
446,"And they crucified him with him, both his left and his right feet."
447,Who killed the boy?
448,"And the Lord said, Simon, behold, Satan desired to cast out Satan out of you, as of a wheat flour:"
449,Change the line specification to 1.50
450,"For out of the heart a man hath an uncleanness, and fornication."
451,"Press CTRL, ALT and T keys simultaneously to open the terminal."
452,We both must do.
453,The rest of the code is same as our switch.c program.
454,The next tool is called Intelligent scissors or Scissors selection tool.
455,"And he that was afflicted with a spirit came unto him, and was healed."
456,Bhishma comes to see Ganga.
457,E267 as the value of Employee ID and 10000 as Employee salary.
458,"And when he had looked in, he saw the clothes laid therein, but went not in."
459,Now log out from your session as Database administrative user.
460,This student learns Sanskrit.
461,Discover the different types of Asanas in this series.
462,"Asanas to be performed on the back side- Opposite-Krani, Sarangasana, Shawaasana, Halasana, Matsyaasana."
463,"If you are not familiar with HTML, then for relevant tutorials, please visit our website."
464,"Next line, type else and open the flower bracket and press Enter."
465,Those two are cows.
466,All the types of pencils can be used for all your needs.
467,Note that our file name is pointer_demo.cpp.
468,"Take my yoke upon you, and learn of me, that I am compassionate, and humble in heart: for I am slow to forgive, and humbling myself: and ye shall find refreshment for your souls."
469,We are now in the Teachers dashboard.
470,"Now, in the Price before Tax field, I will set the Price as 48,000."
471,Note that the servlet is similar to another Java class.
472,We will use this keyword to call another constructor within one.
473,Let me expand the grid line with the slider array and it will appear very quickly.
474,My third wish is to give me self-knowledge.
475,"For I know that when I go, there shall come in among you ravening wolves, and will not steal from you."
476,Open Inkscape by clicking on the logo twice.
477,I am no more worthy to be called thy son: make me thy servant.
478,Who was Kalidas?
479,"To do so, type the command at the terminal and press Enter. We get the desired output."
480,"Destroy not the work of God for food's sake. All things are holy: but it is not good for him that eateth, lest he be defiled."
481,I will leave the pencil in the class.
482,"Bhaskarvarma, the conqueror of Hunas, Shri Krishnadevaraya (the great king of Vijayanagara), Lalitaditya (a great warrior)."
483,Metal cutters are more versatile than plastic cutters.
484,This is a summary of the Spoken Tutorial project.
485,"To reverse the string, we have written a code named reverse.awk. Reverse function is used to reverse a string."
486,"For he that is against us shall rise up against all things that are called God, and shall worship, and will make himself God, even the temple of God, to be a despoiler of all things."
487,The following six causes cause yoga to disappear.
488,These are created using the commands provided in the original file.
489,"And when the Jews which were with Mary in the house comforted her, saw that she rose up quickly, and went out, they followed her, saying, He is going hither to weep."
490,"And a little while after another man saw him, and said unto him, Thou also art one of them. But he said, I am not, O man."
491,Kragakrukatkar: One who bestows on the devotees the power of anger.
492,Useful
493,Calms your mind when you are angry or tired.
494,The story of the play should be based on relevant events.
495,Here is an indication of some Indian medicinal plants which you can grow in your own house. This tree also improves the quality of your home.
496,"else if conditional-expression2 is true, then perform action 2."
497,Makarana can also be referred to as crocodile pose in English.
498,Move the carbon to the left side.
499,What did Rama do to convince Sugriva of his power?
500,Boy displays regard on you.
501,This is called malnutrition.
502,We also have to define the move() method.
503,"And when he was alone with the twelve, they asked him concerning the parables."
504,You all played.
505,Notice the output. We have recovered the original sequence of indices.
506,Observe a small triangle on the left of it.
507,"Let us summarize. In this tutorial, we learnt:"
508,The commands can be a single word or a multiple word and they can be kept separate using white space.
509,Set up user accounts
510,* indicates that the previous text has been displayed only once or more.
511,Learn about instance variables and static variables.
512,"And Peter answering said unto him, Explain this parable unto us."
513,"Vishnu is the only God who is the supreme being. He is the Lord of all beings, the All-pervading and All-destroying, the One who is inhabited by all three beings and enjoys the world."
514,"And the Lord said unto him, Who then is a wise and faithful servant, that his lord may give them of his household bread in due time?"
515,Dakh: One who is competent in all activities.
516,The arrow is for pulling the category up or down. This is a menu and has the Gear settings icon. This will be indicated by the drop-down arrow.
517,"And he said unto him, Be thou honoured: for I will send thee far away unto the Gentiles."
518,Do not pollute the air and sky.
519,"If you have any guess about a particular field, always click on the help icon to find out its priority."
520,This has opened the doors for the introduction of oxygen into air and the development of many kinds of organisms.
521,Asana is classified as follows:
522,Ach: The name of the scripture is Aksh.
523,"In the relaxed posture, chant the Om mantra, feel the vibrations in the body."
524,Add and delete nodes.
525,Sri Krishna overcame the problem of Pandavas.
526,Let me put this as 1.
527,Sri Krishna places Arjuna's chariot between the two armies.
528,It is usually called Isoprene.
529,You all heard the story.
530,Those two are cows.
531,Go to the Toolbar and click on Apply button.
532,Right-click on the layer and select the Flatten image.
533,"Next, print the reverse complement using the built-in method of reversing the complement of the sequence object."
534,We can also use the same form as in the equation to create and use brackets as per context.
535,Click on Fill in correct answers button. This helps us to see the correct answers of the questions options.
536,"Let us also learn to be earnest in good works, that our people may be of no profit."
537,"But store up for yourselves treasures in heaven, where moth and moth do not consume, and where thieves do not break in and steal."
538,We have the option minus c.
539,Boy displays affection in that.
540,"Knowing this first of all, that in the last days there shall be scoffers, walking in their own lusts,"
541,"And the city need not the sun, nor the moon to give it light: for the glory of God is their lamp, and the Lamb is their light."
542,"It also increases your energy by exhaling slowly. While inhaling, give more attention to energy."
543,If we dont give any image to the logo then the Short name will also be used as the logo text and we will keep it the same.
544,"And he went and wandered through the cities and villages, teaching them."
545,Boy displays regard on these all.
546,"And it came to pass, that the day of fasting and the sabbath came."
547,"Now, let us demonstrate the use of static variables with an example."
548,BANDH literally means binding and it means making arrangements or meeting.
549,"Eliminating eye allergies, it also increases the concentration and brightness of eyes."
550,We have defined a constructor with two parameters.
551,It helps to increase blood flow and help in cures of heart disease.
552,"So, type public void showData( ) within parentheses and type the following code to print the id, name, branch and number of enrolled students."
553,• Sit on the base.
554,Sita also left the royal robe.
555,"Now, let us initialize the fields of the second object."
556,6.5 How do new plants grow?
557,Is a black board necessary?
558,Let us go back to GreetingServlet dot java.
559,It is said that the juice of water is installed in the sun.
560,"To proceed, we have to create a database for FrontAccounting."
561,Note that we have not initialized the value of x. Awk initializes x to the initial value of 0.
562,"He that calleth you is faithful, who also will do it."
563,"So, let me open it."
564,You all know cloth.
565,I will set the opacity slider as it gets darker and darker in the image.
566,"Customers can also give deposits, miscellaneous sales etc."
567,Type the text as J.
568,He is not a soldier.
569,"And forgive us our trespasses, as we also forgive them that trespass against us. And lead us not into temptation, but deliver us from sin."
570,Let us start with the back of the string.
571,"To use these options, you should check the check-box next to which the subcategory will be dragged."
572,The Spoken Tutorial Team conducts workshops using spoken tutorials. Those who pass an online test also get certificates.
573,It is a state of peace which is free from all thoughts.
574,Here is a program.
575,The village of Veta is visible in this photo.
576,Write 4 points to clear the goshalas.
577,"And he put forth his hands, and touched their wrists, and departed from that place."
578,4. A white seed is one which is sprouted from the root.
579,"Create, delete, modify data and finally"
580,"And being zealous for the gospel of peace, be your feet under foot,"
581,Here is the std namespace where the entire standard C++ library is declared. Now press Enter.
582,Notice the details here.
583,Be in peace and devotion.
584,These two are palms.
585,Flowers are there in the flower buds.
586,Type the file name as welcome.
587,"Similarly, we can assign Students to a course."
588,What do you eat?
589,The quality of the sky is in the word.
590,Click on the Add button at the bottom of the Activity selector.
591,Then click on Enter Payment button at the bottom of the window.
592,"Table environment is floated. So, do not add it here. Add it directly."
593,and the converted temperature is displayed.
594,"There, create a class named Welcome."
595,There are two buttons attachment.
596,We have also learnt about the use of Layer.
597,An SMS message is sent to your mobile phone.
598,"Similarly, we will learn to parse data files using functions in the sequence output module."
599,You can see that the image is now different from what it is. I will reduce the opacity to 50%.
600,Inhale and return to normal posture.
601,It returns to its correct position.
602,You will see another value in your interface.
603,Zoom in and click on the star once.
604,"However, the nature of industries will change over time."
605,Cow gives milk.
606,main is a special function.
607,"However, you can edit the date."
608,It sends a single message to all the selected students.
609,"After studying this lesson, you will be able to:"
610,"In the Password text box, enter the password you want."
611,"Immediately, the recording software creates a movie."
612,This is an achievement.
613,"To help with the tools used in this tutorial, I have recorded this tutorial using the highest resolution."
614,I can also record this to 800/600 and reduce it to 640/480 and it works on Apple TV.
615,Boy displays fondness in them.
616,Squeeze the hole inside and push it outwards.
617,"It also provides some security options to counter web threats, spyware, viruses, trojans and other malicious activities."
618,"It is also known as a health-promoting, disease-preventing and powerful medicine."
619,The output is renewed.
620,All the sounds are derived from the alphabet.
621,She knows these two.
622,The king did not imitate the success of Dilip.
623,"Before launching the FrontAccounting interface, we should start XAMPP services."
624,This statement prints the address of the variable num.
625,You all sit.
626,"Verily, verily, I say unto you, He that believeth on me, even these works that I do, he also will do; and greater than these shall he do, because I go to my Father."
627,"And he that is in the field, let him not return again to take his garment."
628,Student knew maths.
629,The Indian science of Shlokas and Mantras is the oldest in the world.
630,I have already used Moodle 3.3 and Firefox web browser. You can use any web browser of your choice.
631,Plants grow in soil and water from their roots.
632,"This file is saved as ""HIV_geneseq.fasta"" in your home folder. Press Enter."
633,You please speak.
634,"By meditating the mind, the present and the present are reflected in the soul."
635,You all worship.
636,"Studying knowledge, wisdom, music and the arts, the goddess of conservation can be shown with a horn."
637,"Saying the truth, have I now set you free?"
638,"Now, let us see how to execute the same program in c++."
639,Click on the GL Account Classes link on the Maintenance panel.
640,"And this is the saying of the world, That God gave us his Son, that whosoever believeth on him might not perish, but have eternal life."
641,"To record this tutorial, I am using: Ubuntu 11.10 OS,"
642,Let me name the Account balance.
643,Change the default drop-down to Home folder.
644,"And he saw the garments set up in a certain place, and the garment of his head separated."
645,"To follow this tutorial, you should have knowledge of library science."
646,"Whom, after the determination of God's appointed purpose, ye delivered, and crucified by the hand of wicked men."
647,Sages were chanting.
648,Maharishi Chaivan was an Indian Vedic sage.
649,This was the place where they all met.
650,Examine the performance of each step before expansion.
651,"To get books and audio printers, please contact your central controller."
652,"Create groups within courses, send messages and notes to students."
653,"Some examples of insects such as bees, peacock, mosquitoes, beehives etc."
654,Proper seed mantra is also chanted with the names of the Sun god.
655,This opens the File Browser window.
656,Specify the question in minutes and seconds. Whoever answers the question will be counted on us.
657,Click on Show Layer Mask.
658,Trakta is the practice of focusing on a certain point of gaze.
659,It is also used for irrigation in Droni garden.
660,You can also use the terminal
661,The FrontAccounting interface opens up.
662,But it will not be used for other users like teachers and students.
663,"In this tutorial, we will learn about the different types of function calls which are:"
664,Humans have built many different machines over time but the machines they make are different in nature.
665,"When did we see thee stranger, and enter into thy house? or naked, and give thee clothing?"
666,The first data is in the zero index.
667,Click on Edit in the Menu bar and then on Preferences.
668,Make sure that you have completed this tutorial before moving on to the next line.
669,"Verily I say unto you, It shall be more bearable for Sodom and Gomorrah on the day of judgment than for that city."
670,Save the file and press Ctrl + S to run the program.
671,"And Philip was a native of Bethsaida, the city of Andrew and Peter."
672,Now let us change it to enumerate.
673,"And Jesus, knowing their thoughts, said unto them, Why do ye reason in your hearts?"
674,"(I.e. the scripture commands that the younger brother should not be king before the elder brother) So, you are worthy of the king, but Yashvin is very pleased with the generous nature of Rama."
675,It helps to normalize the breathing movement and to keep the breath at a constant pace.
676,Water is used in cooking.
677,"In this tutorial, I will learn about GIMP and its features."
678,"And they laid their cloaks on the colt, and brought Jesus up, and sat upon it."
679,"For they that minister well earn a high office, and a reputation in the faith which is in Christ Jesus."
680,It reaches from brain to the end of spine.
681,Here is an assignment for you: Add a new subcategory 2nd Year Maths in Mathematics and delete the category Miscellaneous.
682,"Inhale, place the weight on the chest, raise the head and then lie down on the ground."
683,Keep the neck aligned with the back.
684,Basic is enough.
685,Come back to the terminal.
686,Let us move the mouse value inside the box and keep it there.
687,and correct all the common errors which are possible.
688,Type: cd space slash user slash bin.
689,"And when they had eaten, Jesus said unto him, Simon, son of Jonah, lovest thou me more than these? He saith unto him. True, Lord, thou knowest that I love thee. He saith to him, Feed my sheep."
690,"I go to File, click on Save As and change the Extensions from tif to jpg (JPG)."
691,Why is hygiene important for humans? Write four reasons.
692,"ii. To keep the skin clean, you should always do _________."
693,I think I will have different ideas.
694,Two days later he walked out of the zoo.
695,Boy displays trust in you all.
696,Let me add one and then explain it.
697,Paternal grandfather chanted Krishnas name.
698,Bend the right leg at the knees and sit on the buttocks.
699,"And when he had looked round upon them all, he said unto him, Stretch out thy hand; and his hand was restrained like unto any other."
700,"And when Jesus had spoken no more, his disciples came and entreated him, saying, Dispose her, for she goeth after us."
701,This is a daily tutorial where you will get useful information.
702,"Here, we execute the query to delete the book that has been returned from the Checkout entry table."
703,"And love the high places in the synagogues, and the honourable places at banquets;"
704,What if we want to delete multiple files and sub-directories?
705,She does not want reward.
706,She will grow more flowers like that.
707,Marichasana: One who is the head of the army. Or one who is called Dandasana.
708,"No man shall eat of it, neither shall any of them eat."
709,Boy displays respect in me.
710,Click on Create a new question button and double click on Short answer option.
711,The excited atoms are displayed in blue colour.
712,"As you can see, the earth changes its physical state and it changes the development of organisms."
713,"For this cause we also pray continually, that we may see you with our mouth, and make what is lacking in your faith."
714,Giving food is also important in view of social values.
715,"And said unto him, I will not drink new wine out of a new bottle, neither will I drink any more of that which is broken out of the bottle."
716,"Immediately, the download starts. Click on Save File button and click on OK button."
717,"But we speak the secret wisdom of God, which was hidden, and which God foreknew for our glory before the ages of the world."
718,The success message appears.
719,"And ye say, If we had not lived in the days of our fathers, we would not have taken part in the blood of the prophets."
720,You all may see.
721,"Some common applications like Calculator, Text Editor, Terminal, Firefox Web Browser, Videos and some parts of LibreOffice Suite and the Home folder."
722,Notice that the response.jsp file is displayed under the index.jsp file in the project window.
723,The Spoken Tutorial Project Team conducts workshops and gives certificates to those who pass an online test.
724,3. How is urine produced? What are the ingredients in urine?
725,"Here, for 'b', I will again enter the value as 8."
726,This tutorial is contributed by Mahabharata.
727,Compile as before.
728,"So, these brushes here are useful to encrypt like fake water colour or you can use them to frame the image."
729,Focus on Prone breathing.
730,Repeat the practice and inhale loudly and fill the body completely.
731,Boys heard the story.
732,Some of these are beneficial and some are harmful.
733,Centering can be said only if it is present in the frame.
734,"And when they were there many days, Festus informed the king of Paul's cause, and began to speak with him: and Felix left Paul in prison, bound."
735,"It is made of iron, steel, iron, aluminum etc."
736,Boy displays fondness in them.
737,"After cooking, when a person goes to his or her kitchen for food, it is called a meal visit."
738,It is difficult to understand geeta in the sense of sanskrit knowledge.
739,Vakar: One who protects the three tribes.
740,For the law of the Spirit of life hath delivered me free from the Law of sin and death in Christ Jesus.
741,• Stand on the legs as far as you can. • Stretch the legs up as fast as possible.
742,I will delete those details as I do not need authentication for my proxy.
743,Vashcha called for mantya war.
744,"""""""Yes, Guruvar! But I know this is normal"""" Gopal replied."
745,Enter your admin password and click on the Authenticate button.
746,"Now, let me talk about declaring a string."
747,"Now, let us change the opacity of the arrows."
748,"Now, let us call the method in the main method."
749,"So, type: grep space minus i spacewithin double quotes ankit space saraf after the double quoted space grepdemo.txt"
750,"If not, for relevant tutorials, please visit our website."
751,Locate the zip file size 30Mb and click on Open.
752,Step 4: Chaturanga Dandasana
753,The error indicates that we should give an implementation to the Animal interface.
754,"And whosoever shall offend one of these little creeds which believe on me, it would be better for him to be cast into the sea, and to be baptized with a chisel about his neck."
755,"And Juda was called Tamar; and she bore him a son, whose name was Perezera; whose son was Hezron."
756,"To do so, a window Save File opens which tells us to fill in the File name."
757,Poetss works are poems.
758,"But Paul answered and said, I stand before the judgment seat of Caesar, where I ought to be judged: I have done the Jews no wrong, as thou thyself knowest."
759,"And there stood the multitude, and the rulers, saying, If this man had saved others, let him save himself now, if he be the Christ of God, the elect."
760,They loved the country.
761,Veeta has the following characteristics:
762,We can also change the size of the star using another handles and rotate it.
763,Course category is set by the admin.
764,Now type: ls space -l space example1 and press Enter.
765,Some area code shapes appear here. Click on the triangle and drag it on the canvas. Gently apply a hairdryer colour and remove the Stroke.
766,Fold the fingers and raise the head and trunk together.
767,"If any man examine himself, he shall be an instrument of the Lord, and a work for every good work, and for honour."
768,For he that hath not received the Holy Ghost is Christ.
769,It creates a declarative region and defines a scope.
770,Benefits and harms of bacteria
771,"Before sewing machine, sewing machines were used for sewing clothes."
772,"Plants grow insects in their own colour and a peacock breeds fruit from the flowers, reaching the head of a female."
773,"And he said unto them, If ye shall swear, I will do as ye say."
774,"After this tutorial, you will be able to complete your image and give your own compliments."
775,"Now, let us start with this tutorial."
776,We can see that the home page of Glassfish Server is visible.
777,Click on the mouse link to get the hyperlink address information.
778,Now I have learnt a good method to get the color code.
779,Let me configure the CD design layer.
780,"And they have not loved him, neither have they loved him for the blood of the Lamb, neither for the word of their own testimony: for they loved not their life, but were given unto death."
781,Let us run the code. Save it and run it.
782,Keep your hands on the ground with legs together.
783,"Now, I click on Scale and get the image that is measured."
784,"If the default option is not selected, select Default for Calculus."
785,"11 and Rajuime values are returned to the constructor. So, that is."
786,"Now, click on the next button in this field."
787,Then resume the tutorial.
788,Girls please prayers.
789, The age must be a positive integer.
790,"In this case, it should be displayed as 0 because it is not used here."
791,And the seven angels that had the seven trumpets went out to blow.
792,I get good marks.
793,Now we will learn how to use the this keyword.
794,I know the book.
795,The Spoken Tutorial Team conducts workshops based on this tutorial.
796,"And when they had approved, they came to Antioch, and received the epistle, and delivered it unto me."
797,Refer to the following link for details.
798,"Thou teachest others, teachest thou not thyself? and preachest that all things must be forbidden, and stealest thine own self?"
799,"The General menu has two sliders, Quality and Fog."
800,Please do not ask unrelated questions. This will avoid confusion and confusion.
801,"And if they remain not, they shall also be planted: for God is able to plant them again."
802,Click on Save.
803,"And Jason and his companions took a whiff, and let them go."
804,It helps us to create different quizzes for each academic year or for different subjects.
805,A number that represents the PID for the current shell.
806,1. Asana helps in _______ development of people.
807,"If so, then please refresh after a few moments."
808,I wrote a Sanskrit song yesterday.
809,"1. Makrasana, Asanas to be performed on the abdomen"
810,"Here, the file ABC is on the XYZ page."
811,"This is because if you change any method to final, you can override it."
812,"There are many talented people, the most beloved ones are far away from the display of good deeds."
813,Now enter the password and click on login.
814,"Now, let us look at the URL."
815,I will copy the original text on the Background layer.
816,"Here, the first step is to create a sequence record object."
817,He received blessings from the gods.
818,Ancient Indians knew about cow disease.
819,For it is hard for any man to die for a good man's sake: but no man for a righteous man is willing to die.
820,"Again, click on Account Description drop-down box and select Capital option."
821,"If the list of errorsMsgs is not empty, we will display the same errorMsg in addUser dot jsp."
822,Now click on Save.
823,"What shall we say then, Abraham our father received no good deed?"
824,Note that we are using only the default keyword.
825,Refer to the following link for details.
826,Again Antialiasing is for soft areas.
827,"But on this page, Tag number 010 will not appear."
828,"In the Projects window, right-click on the Sample.java file."
829,Let us see how to reconcile a Bank Account.
830,Child has trust in you all.
831,"To create a variable read only, we use the keyword const."
832,"To record this tutorial, I am using: Ubuntu Linux OS 16.04 and Koha version 16.05"
833,"For he need not every day, as the chief priests, to offer sacrifices for his own sins first, and then for the sins of the people: for he hath done these things once for all, when he hath offered them for himself."
834,"And if Satan cast out Satan, and be divided against himself, how shall his kingdom stand?"
835,Click on Go to receipt page.
836,"And it came to pass, as he went thence, that there came a certain man running, and worshipping him, said, Good tidings, Lord, what must I do to inherit eternal life?"
837,"If you do not get any error message, remember that Biopathane is installed."
838,Then go to the tab 245 TITLE STATEMENT:
839,"But I do not esteem him to be thirsty, but to lay up my life, and to carry on the ministry which I have received from the Lord Jesus, to bear witness of the gospel of the grace of God."
840,"For with these commenses we commend ourselves to God for our fellowship with him, and to the glory of his glory."
841,Now this place is dark here and this white colour is sometimes too white so I will pull it down.
842,"And when they saw that they were departing, many knew him, and went before him from many cities, and came to him."
843,"Sometimes, the log file will not display the orbital details."
844,Enter your username as Su and press Enter.
845,"When you finish typing, check the Correctness field which shows your typing accuracy."
846,"Now, let's look at the laptop."
847,• Move the body from the knees to the buttocks in the right and left directions i.e. clockwise and counterclockwise.
848,Scroll down and click on Save changes button.
849,"May the goddess of Medha, who bestows on us the glory of compassion and grace, come to our side."
850,These muscles become strong.
851,"But it doesnt look good. So, I will change the decimal place."
852,Now delete the format specifier.
853,People call Saraswati the voice of the goddess.
854,Yagyapatih: One who is the master of all Yagya.
855,"Click on Save. First, we will convert the header file to <iostream>."
856,Boy displays friendship in them.
857,The code is written in the awk BEGIN section.
858,"In the course page, Forum name appears as a link to the forum."
859,Let us add another block. Click on Add a block menu at the top left.
860,"As we move up, Unit penalty field is displayed as 0.1. So, I change it to 0.5."
861,Suktam: One who is beautiful and pleasant.
862,"To add a DNA molecule, go to Build menu and then click on Insert and then on DNA/RNA in the sub-menu."
863,There are multiple Tabs in the Preference Window.
864,"The settings for the visiting card,"
865,Please use both the commands and see for yourself.
866,Will you listen to music?
867,Details about the download
868,He may place his hands on the head but it is important to note that the hands do not touch the head.
869,"Let us summarize. In this tutorial, we learnt about:"
870,"If not, add some errors with logic or algorithm."
871,Knowledge is the foundation of work.
872,"And when they had measured the water, they saw that the wind blew a little further, and again they measured it, and found there was water about fifty degrees."
873,You will also learn how to type a screen that is invisible every time you type.
874,"In Moodle, there are various plug-ins for teachers and site administrators."
875,We get the output as We have successfully run a java program.
876,"Given two correct answers, the student obtains 1 integer."
877,What is a flower?
878,Bhrastrah: One who is used to read the Qur'an with the utmost precedence.
879,"The Surfaces settings dialog box opens up. To correct opacity, drag the sliders."
880,"And when all the people saw that Jesus was come out to meet them, they entreated him, saying, Lord, come unto our borders."
881,Fill in the blanks below with the correct words.
882,We will now login using Bella username and password.
883,• Inhale air in your forehead area and place the head at the top of the chest.
884,This URL is based on the port number and domain name given by sys-ad during the installation.
885,It is rotated to 90 degrees.
886,Click on the Home folder.
887,"But woe unto you, rich men! for ye shall be filled, and ye shall hunger, and be satisfied:"
888,You can access the application by right-clicking on the Connection node.
889,Another name of Lord Shiva is Natrajo.
890,There are some important elements found in vegetable meals which are found in many different sources.
891,"For God hath not appointed us for wrath, but for the power of salvation through our Lord Jesus Christ:"
892,"And he said unto them, Why do ye go out, debating with one another?"
893,Agrahayyah: One who is not absorbed by the karma.
894,He became the supreme manifestation of the human being and the most brilliant of all. He gave birth to the body and the body.
895,Arjuna is here.
896,Now the God of peace be with you all.
897,Now close the Firefox window.
898,"And when the chief steward cometh, ye shall have a crown of glory, which is not broken."
899,"Let us come to the end of this tutorial. We are done with this figure and the tutorial. So, we come to an end of the document."
900,"And they sat there, and laid their hands on him, and began to eat."
901,Boys will wear new clothes.
902,"""Earth's orbit is complete in 365 days."""
903,"A hidden course is a course that has been assigned to it, i.e. Admin, Course creator, Teacher, Manager etc."
904,Rama and Lakshmana went far to search for Sita but they could not find Sita.
905,Food gives strength to our body.
906,The activity of the joints is very important.
907,3. Násika- Various types of odor-specific messages reach the brain through the nose.
908,Soldier exits.
909,"So, I select another colour from the background colour. What is it here?"
910,The Spoken Tutorial Team conducts workshops using spoken tutorials.
911,"The aim of this Practice is to familiarize you with the three different parts of breathing (abdomen, chest and trunk) and to incorporate them into the complete Yoga Sanskrit."
912,"With this, we come to the end of this tutorial."
913,These options are similar to those of other word processor applications.
914,We have successfully installed the XAMPP server.
915,Increase the pressure in the eyes.
916,"For every one that drinketh milk is not of the word of righteousness, but of the unborn child."
917,"And they went, and saw all things as he said unto them, and prepared the passover."
918,Mooney visits his family.
919,Let us see the text in perspective.
920,Exhale and bring the left leg up next to the right leg and come down with your upper body and touch the forehead to the knees as shown in Step 2.
921,Let us go back to the terminal. Let me clear the prompt.
922,"Here, the first field dollar 1 indicates the roll number. The value is 6 dollar multiplied by zero point 3' and six dollar stipends."
923,Students saw the play.
924,"To do so, go to the top right corner. Click on spoken tutorial library and from the drop-down click on Log out."
925,"And when I shall come again, I will worship my God before you, and I fear that there shall be sorrow upon them which have sinned before, and have repented not of the fornication, and of the robbery, which they committed."
926,I will leave them blank.
927,INTEXT QUESTIONS 8.3
928,"type: (hash) #include, space, opening angle bracket, closing angle brake."
929,"So, I go to Filters >> Enhance >> Sharpen."
930,"To stop the auto optimization operations, click on Stop."
931,3. Varahmihir
932,Spoken Tutorial Project is a part of the Talk to a Teacher project.
933,This is the notification that we need to give write permission to the directory.
934,Export the file in eps format and view it.
935,Now I want to talk more about Paintbrush and how to select brushes for painting.
936,Naikamayyah: One who is the possessor of many Maya.
937,Wherefore I glory in God through Jesus Christ.
938,You are an interpreter.
939,"To that, Birthday option appears."
940,"Then said Jesus unto them, A prophet is without honour, but only in his country, and in his own house, and among his own kindred."
941,"And I looked, and behold, a white horse; and his name was Death: and he that followed him was given power over the fourth part of the earth, to kill them with the sword, and with great pestilence, and the wild beast."
942,iv. Pramastiskena
943,We have started with cropping the image properly. I will show you what to do with this image in the next tutorial.
944,Let me go to the terminal and clear it.
945,"Now, let us come back to the slides and learn about the main function."
946,"Bhakti: One who influences the enjoyment, Divine Delight, Peace and Knowledge."
947,"Let them that direct the church be esteemed worthy of double esteem, especially them that labor in the word of God and in the doctrine."
948,"See ye therefore that a man is justified by faith, not by works."
949,"And when Paul had prepared all things for himself, he resolved to go up to Jerusalem through Macedonia and Achaia, saying, As soon as I am come thither, I must also see Rome."
950,The output is displayed in GC content percentage.
951,It looks good.
952,Note that all C files have.c(dot C) extension.
953,Sadgatih: One whose speed is supreme.
954,"So, I select the Clone Tool and resize the Brush."
955,"That he might now reveal the wisdom of God in many ways unto the angels of all principalities and powers in the heavens, in Christ Jesus."
956,Hard leaves - this is a small tree growing to 6 meters tall. Its leaves are parallel and number 10-12
957,"As we can see, the output is Hello World space."
958,"At the prompt, type the date plus space plus percentage symbol, small h and press Enter."
959,The Lord have mercy on the household of Bernicephares: for he hath gathered me again.
960,Browse the path in the following folder.
961,Ubuntu Linux OS has many workspaces or desktop topics.
962,"In the new window that opens, type the username as you wish. I will change the usenname to frontacc."
963,A message appears on the screen that says Journal entry has been entered.
964,Locate the image and search for it.
965,"And by him we were made the ministering of the new testament, not of the written testament, but of the Spirit: for the written commandment is life, and death."
966,The level field data now appears as 2.
967,"It works on Linux, Mac OS and Windows."
968,---Add the audio @02:32 from the tutorial nstallation of FrontAccounting on Window OS timing 08:10 to 08:30---
969,The following five trees are well known for their divine qualities and their relationship with the god.
970,"Behold, I have given you authority to tread under serpents and scorpions and all power; and nothing shall harm you."
971,"Inhale completely, without any pressure. This breathing should be filled normally."
972,"Or ye have not read, That a man shall leave his father and mother, and shall be united with his wife; and the two shall be one flesh?"
973,"And Zacharias answered and said unto the angel, How shall I know this? for I am an old man, and my wife is an old woman."
974,"So, let us just note the changes here."
975,"If you want to customize your students position, then fill in the fields in this section."
976,"In the Home page, click on Cataloging."
977,'while' loop
978,The output of ls command works as the input for wc command.
979,"To connect a printer to a computer,"
980,"And the rest of the people took the wood, and the ship, and went into the ship; and they took whatever they could find. And they all came to land, and were dead."
981,"If all the conditions are false, the last section Else will be executed."
982,Select MMFF94 Force Field and click on the Start button.
983,Bhatta-krut: One who is the Creator of all beings.
984,"The name of the file, the name of some of the organizations or the administrative details of the files, date of creation and date of modification."
985,"The word fire has three qualities - touch, shape and taste."
986,demonstrate geometry in coordination compounds and create nanotubes.
987,This prevents the heating of the machine.
988,Both the nostrils are in the eye.
989,"In Bcc, we will type: stlibreoffice@gmail.com and info@spoken-tutorial.org."
990,"Here, the first field is roll number and the sixth field is student stipend."
991,How to add and remove blocks in Admins Dashboard tutorial on Blocks in the Admin's Dash board.
992,Many ancient Indian books have given rules for the health and safety of cows.
993,"Among whom ye also are, even ye that are called in Christ Jesus:"
994,"Inhale deeply, exhale loudly."
995,"And Peter remembering the saying which he spake unto them, The cock is come, thou shalt lie down three days before I come. And he went out, and drank."
996,Patient gives thanks to doctor after contracting the disease.
997,"Nathanael answered and said unto him, Can any good thing come out of Nazareth? Philip saith unto him."
998,"So, I will pull it to the toolbox and here it is."
999,"The edit, hide, duplicate and delete settings of the source are available at the following link."
1000,Slightly stretch the body and relax the eyes slightly and rest the whole body completely.
